<?xml version="1.0" encoding="UTF-8"?>

<configuration>

   <!-- Read https://docs.spring.io/spring-boot/docs/current/reference/html/boot-features-logging.html -->

   <!-- Taken from https://github.com/spring-projects/spring-boot/blob/master/spring-boot/src/main/resources/org/springframework/boot/logging/logback/defaults.xml -->
   <conversionRule conversionWord="clr"
      converterClass="org.springframework.boot.logging.logback.ColorConverter" />
   <conversionRule conversionWord="ex"
      converterClass="org.springframework.boot.logging.logback.ThrowableProxyConverter" />
   <conversionRule conversionWord="wex"
      converterClass="org.springframework.boot.logging.logback.WhitespaceThrowableProxyConverter" />
   <conversionRule conversionWord="wEx"
      converterClass="org.springframework.boot.logging.logback.ExtendedWhitespaceThrowableProxyConverter" />

   <!-- We use an additional new line %n at the end of every line so that read_mode=1 
      can be enabled for log service This enables us to add stack traces to the corresponding 
      error line automatically. See https://sites.google.com/a/flipkart.com/logsvc/home/components/ingestion-frontend/file-based-handoff/nuances -->
   <property name="CONSOLE_LOG_PATTERN"
      value="%n%clr(%d{HH:mm:ss.SSS}){faint} %highlight(${LOG_LEVEL_PATTERN:-%5p}) [%marker] %clr(${PID:- }){magenta} %clr(---){faint} [trace=%X{X-Trace-Id:-},span=%X{X-Span-Id:-}] %magenta([%t]){faint} %yellow(%-40.40logger{39}){cyan}%clr(:){faint} %m${LOG_EXCEPTION_CONVERSION_WORD:-%throwable}%n" />
   <property name="FILE_LOG_PATTERN"
      value="%n%d{yyyy-MM-dd HH:mm:ss.SSS} ${LOG_LEVEL_PATTERN:-%5p} [%marker] ${PID:- } --- [trace=%X{X-Trace-Id:-},span=%X{X-Span-Id:-}] [%t] %logger{39}: %m${LOG_EXCEPTION_CONVERSION_WORD:-%throwable}%n" />

   <appender name="DEBUG_LEVEL_REMAPPER"
      class="org.springframework.boot.logging.logback.LevelRemappingAppender">
      <destinationLogger>org.springframework.boot</destinationLogger>
   </appender>

   <logger name="org.apache.catalina.startup.DigesterFactory" level="ERROR" />
   <logger name="org.apache.catalina.util.LifecycleBase" level="ERROR" />
   <logger name="org.apache.coyote.http11.Http11NioProtocol" level="WARN" />
   <logger name="org.apache.sshd.common.util.SecurityUtils" level="WARN" />
   <logger name="org.apache.tomcat.util.net.NioSelectorPool" level="WARN" />
   <logger name="org.crsh.plugin" level="WARN" />
   <logger name="org.crsh.ssh" level="WARN" />
   <logger name="org.eclipse.jetty.util.component.AbstractLifeCycle"
      level="ERROR" />
   <logger name="org.hibernate.validator.internal.util.Version" level="WARN" />
   <logger
      name="org.springframework.boot.actuate.autoconfigure.CrshAutoConfiguration"
      level="WARN" />
   <logger name="org.springframework.boot.actuate.endpoint.jmx"
      additivity="false">
      <appender-ref ref="DEBUG_LEVEL_REMAPPER" />
   </logger>

   <!-- http://logback.qos.ch/manual/appenders.html -->
   <appender name="ROLLING_FILE" class="ch.qos.logback.core.rolling.RollingFileAppender">
      <file>${LOG_FILE}</file>
      <rollingPolicy class="ch.qos.logback.core.rolling.TimeBasedRollingPolicy">
         <fileNamePattern>${LOG_FILE}-%d{yyyy-MM-dd-HH}-%i</fileNamePattern>
         <timeBasedFileNamingAndTriggeringPolicy
            class="ch.qos.logback.core.rolling.SizeAndTimeBasedFNATP">
            <maxFileSize>500MB</maxFileSize>
         </timeBasedFileNamingAndTriggeringPolicy>
         <maxHistory>3</maxHistory>
      </rollingPolicy>
      <encoder>
         <pattern>${FILE_LOG_PATTERN}</pattern>
      </encoder>
   </appender>

   <appender name="ASYNC_FILE" class="ch.qos.logback.classic.AsyncAppender">
      <appender-ref ref="ROLLING_FILE" />
      <includeCallerData>true</includeCallerData>
      <discardingThreshold>0</discardingThreshold>
   </appender>

   <root level="INFO">
      <appender-ref ref="ASYNC_FILE" />
   </root>

   <springProfile name="dev,alpha">

      <!-- Taken from https://github.com/spring-projects/spring-boot/blob/master/spring-boot/src/main/resources/org/springframework/boot/logging/logback/console-appender.xml -->
      <appender name="CONSOLE" class="ch.qos.logback.core.ConsoleAppender">
         <encoder>
            <pattern>${CONSOLE_LOG_PATTERN}</pattern>
            <charset>utf8</charset>
         </encoder>
      </appender>

      <logger name="com.ekart.facp" level="DEBUG" />

      <!-- Log to the console in addition to the log file -->
      <root level="DEBUG">
         <appender-ref ref="CONSOLE" />
      </root>
   </springProfile>

</configuration>                                                                                                                                                                                                                              
  